{
  "title": "Orbit",
  "link": "https://raw.githubusercontent.com/expo/orbit/main/electron-updates.json",
  "versions": [
    {
      "version": "2.2.0",
      "pub_date": "2025-11-11",
      "release_notes": "<h3 id=\"-new-features\">🎉 New features</h3>\n      <ul>\n        <li>Warn users when automatically switching devices. (<a href=\"https://github.com/expo/orbit/pull/302\">#302</a> by <a href=\"https://github.com/gabrieldonadel\">@gabrieldonadel</a>)</li>\n      </ul>\n      <h3 id=\"-bug-fixes\">🐛 Bug fixes</h3>\n      <ul>\n        <li>Limit the size of error alerts in menu-bar. (<a href=\"https://github.com/expo/orbit/pull/288\">#288</a> by <a href=\"https://github.com/douglowder\">@douglowder</a>)</li>\n        <li>Fix launching Android apps that use activity-alias. (<a href=\"https://github.com/expo/orbit/pull/301\">#301</a> by <a href=\"https://github.com/gabrieldonadel\">@gabrieldonadel</a>)</li>\n      </ul>\n      <h3 id=\"-others\">💡 Others</h3>\n      <ul>\n        <li>Upgrade to <code>expo</code> SDK 53 and react-native <code>0.79</code>. (<a href=\"https://github.com/expo/orbit/pull/254\">#254</a> by <a href=\"https://github.com/gabrieldonadel\">@gabrieldonadel</a>)</li>\n        <li>Update ESLint, <code>eslint-config-universe</code> and setups, bump TypeScript versions. (<a href=\"https://github.com/expo/orbit/pull/261\">#261</a> by <a href=\"https://github.com/Simek\">@Simek</a>)</li>\n        <li>Add macOS build script. (<a href=\"https://github.com/expo/orbit/pull/262\">#262</a> by <a href=\"https://github.com/gabrieldonadel\">@gabrieldonadel</a>)</li>\n        <li>Simplify <code>AppDelegate.m</code> logic in to align with Expo&#39;s template. (<a href=\"https://github.com/expo/orbit/pull/263\">#263</a> by <a href=\"https://github.com/gabrieldonadel\">@gabrieldonadel</a>)</li>\n        <li>Migrate AppDelegate to Swift. (<a href=\"https://github.com/expo/orbit/pull/264\">#264</a> by <a href=\"https://github.com/gabrieldonadel\">@gabrieldonadel</a>)</li>\n        <li>Enable react compiler. (<a href=\"https://github.com/expo/orbit/pull/272\">#272</a> by <a href=\"https://github.com/gabrieldonadel\">@gabrieldonadel</a>)</li>\n        <li>Upgrade <code>react-native-svg-transformer</code> to 1.5.1 (<a href=\"https://github.com/expo/orbit/pull/273\">#273</a> by <a href=\"https://github.com/gabrieldonadel\">@gabrieldonadel</a>)</li>\n        <li>Improve setup instructions for contributors. (<a href=\"https://github.com/expo/orbit/pull/271\">#271</a> by <a href=\"https://github.com/altaywtf\">@altaywtf</a>)</li>\n        <li>Use <code>expo-web-browser</code> for authentication on macOS. (<a href=\"https://github.com/expo/orbit/pull/276\">#276</a> by <a href=\"https://github.com/gabrieldonadel\">@gabrieldonadel</a>)</li>\n        <li>Upgrade <code>react-native-macos</code> to 0.79.0. (<a href=\"https://github.com/expo/orbit/pull/290\">#290</a> by <a href=\"https://github.com/gabrieldonadel\">@gabrieldonadel</a>)</li>\n        <li>Update Orbit app and menu bar icons. (<a href=\"https://github.com/expo/orbit/pull/299\">#299</a> by <a href=\"https://github.com/gabrieldonadel\">@gabrieldonadel</a>)</li>\n      </ul>",
      "builds": {
        "win32-x64": {
          "url": "https://github.com/expo/orbit/releases/download/expo-orbit-v2.2.0/"
        },
        "linux-deb-x64": {
          "url": "https://github.com/expo/orbit/releases/download/expo-orbit-v2.2.0/expo-orbit_2.2.0_amd64.deb"
        },
        "linux-rpm-x64": {
          "url": "https://github.com/expo/orbit/releases/download/expo-orbit-v2.2.0/expo-orbit-2.2.0-1.x86_64.rpm"
        }
      }
    },
    {
      "version": "2.1.0",
      "pub_date": "2025-06-17",
      "release_notes": "<h3 id=\"-new-features\">🎉 New features</h3>\n      <ul>\n        <li>Add support for configuring trusted sources for opening URLs via the CLI and menu-bar app. (<a href=\"https://github.com/expo/orbit/pull/270\">#270</a>, <a href=\"https://github.com/expo/orbit/pull/275\">#275</a> by <a href=\"https://github.com/altaywtf\">@altaywtf</a>)</li>\n        <li>Add support for deep linking with both expo-orbit:// and expo-orbit:///. (<a href=\"https://github.com/expo/orbit/pull/279\">#279</a> by <a href=\"https://github.com/oblador\">@oblador</a>)</li>\n        <li>Add support for launching multiple apps simultaneously. (<a href=\"https://github.com/expo/orbit/pull/281\">#281</a> by <a href=\"https://github.com/gabrieldonadel\">@gabrieldonadel</a>)</li>\n      </ul>\n      <h3 id=\"-others\">💡 Others</h3>\n      <ul>\n        <li>Remove deprecated deeplink formats. (<a href=\"https://github.com/expo/orbit/pull/280\">#280</a> by <a href=\"https://github.com/gabrieldonadel\">@gabrieldonadel</a>)</li>\n      </ul>",
      "builds": {
        "win32-x64": {
          "url": "https://github.com/expo/orbit/releases/download/expo-orbit-v2.1.0/"
        },
        "linux-deb-x64": {
          "url": "https://github.com/expo/orbit/releases/download/expo-orbit-v2.1.0/expo-orbit_2.1.0_amd64.deb"
        },
        "linux-rpm-x64": {
          "url": "https://github.com/expo/orbit/releases/download/expo-orbit-v2.1.0/expo-orbit-2.1.0-1.x86_64.rpm"
        }
      }
    },
    {
      "version": "2.0.4",
      "pub_date": "2025-06-02",
      "release_notes": "<h3 id=\"-new-features\">🎉 New features</h3>\n      <ul>\n        <li>Add support for displaying new project icons. (<a href=\"https://github.com/expo/orbit/pull/260\">#260</a> by <a href=\"https://github.com/Simek\">@Simek</a>)</li>\n      </ul>\n      <h3 id=\"-bug-fixes\">🐛 Bug fixes</h3>\n      <ul>\n        <li>Fix cache check to return app path instead of directory. (<a href=\"https://github.com/expo/orbit/pull/266\">#266</a> by <a href=\"https://github.com/altaywtf\">@altaywtf</a>)</li>\n        <li>[electron] Fix multi-display popover position logic. (<a href=\"https://github.com/expo/orbit/pull/265\">#265</a> by <a href=\"https://github.com/gabrieldonadel\">@gabrieldonadel</a>)</li>\n      </ul>",
      "builds": {
        "win32-x64": {
          "url": "https://github.com/expo/orbit/releases/download/expo-orbit-v2.0.4/"
        },
        "linux-deb-x64": {
          "url": "https://github.com/expo/orbit/releases/download/expo-orbit-v2.0.4/expo-orbit_2.0.4_amd64.deb"
        },
        "linux-rpm-x64": {
          "url": "https://github.com/expo/orbit/releases/download/expo-orbit-v2.0.4/expo-orbit-2.0.4-1.x86_64.rpm"
        }
      }
    },
    {
      "version": "2.0.3",
      "pub_date": "2025-05-16",
      "release_notes": "<h3 id=\"-new-features\">🎉 New features</h3>\n      <ul>\n        <li>Add a warning when developer mode is disabled on iOS. (<a href=\"https://github.com/expo/orbit/pull/250\">#250</a> by <a href=\"https://github.com/gabrieldonadel\">@gabrieldonadel</a>)</li>\n      </ul>\n      <h3 id=\"-bug-fixes\">🐛 Bug fixes</h3>\n      <ul>\n        <li>Fix &quot;no such file&quot; error when opening cached builds. (<a href=\"https://github.com/expo/orbit/pull/256\">#256</a> by <a href=\"https://github.com/gabrieldonadel\">@gabrieldonadel</a>)</li>\n        <li>Ensure UsbmuxClient can load binary plist pair record data from Apple devices. (<a href=\"https://github.com/expo/orbit/pull/257\">#257</a> by <a href=\"https://github.com/gabrieldonadel\">@gabrieldonadel</a>)</li>\n      </ul>\n      <h3 id=\"-others\">💡 Others</h3>\n      <ul>\n        <li>Add CLI archive build phase to macOS project. (<a href=\"https://github.com/expo/orbit/pull/248\">#248</a> by <a href=\"https://github.com/gabrieldonadel\">@gabrieldonadel</a>)</li>\n        <li>Add arch info to Rudder module. (<a href=\"https://github.com/expo/orbit/pull/252\">#252</a> by <a href=\"https://github.com/gabrieldonadel\">@gabrieldonadel</a>)</li>\n        <li>Upgrade <code>react-native</code> and <code>react-native-macos</code> to 0.76.9. (<a href=\"https://github.com/expo/orbit/pull/258\">#258</a> by <a href=\"https://github.com/gabrieldonadel\">@gabrieldonadel</a>)</li>\n      </ul>",
      "builds": {
        "win32-x64": {
          "url": "https://github.com/expo/orbit/releases/download/expo-orbit-v2.0.3/Expo.Orbit-2.0.3-x64.Setup.exe"
        },
        "linux-deb-x64": {
          "url": "https://github.com/expo/orbit/releases/download/expo-orbit-v2.0.3/expo-orbit_2.0.3_amd64.deb"
        },
        "linux-rpm-x64": {
          "url": "https://github.com/expo/orbit/releases/download/expo-orbit-v2.0.3/expo-orbit-2.0.3-1.x86_64.rpm"
        }
      }
    },
    {
      "version": "2.0.2",
      "pub_date": "2025-02-27",
      "release_notes": "<h3 id=\"-new-features\">🎉 New features</h3>\n      <ul>\n        <li>[Windows] Add settings option to context menu. (<a href=\"https://github.com/expo/orbit/pull/233\">#233</a> by <a href=\"https://github.com/gabrieldonadel\">@gabrieldonadel</a>)</li>\n        <li>Add support for opening APK files from Explorer on Windows and Linux. (<a href=\"https://github.com/expo/orbit/pull/237\">#237</a> by <a href=\"https://github.com/gabrieldonadel\">@gabrieldonadel</a>)</li>\n        <li>Add support for opening projects directly in Expo Go through a deep link. (<a href=\"https://github.com/expo/orbit/pull/241\">#241</a> by <a href=\"https://github.com/gabrieldonadel\">@gabrieldonadel</a>)</li>\n      </ul>\n      <h3 id=\"-others\">💡 Others</h3>\n      <ul>\n        <li>Upgrade <code>react-native-macos</code> to 0.76.6. (<a href=\"https://github.com/expo/orbit/pull/232\">#232</a> by <a href=\"https://github.com/gabrieldonadel\">@gabrieldonadel</a>)</li>\n        <li>Add tracking simulator launches. (<a href=\"https://github.com/expo/orbit/pull/246\">#246</a> by <a href=\"https://github.com/gabrieldonadel\">@gabrieldonadel</a>)</li>\n      </ul>'",
      "builds": {
        "win32-x64": {
          "url": "https://github.com/expo/orbit/releases/download/expo-orbit-v2.0.2/Expo.Orbit-2.0.2-x64.Setup.exe"
        },
        "linux-deb-x64": {
          "url": "https://github.com/expo/orbit/releases/download/expo-orbit-v2.0.2/expo-orbit_2.0.2_amd64.deb"
        },
        "linux-rpm-x64": {
          "url": "https://github.com/expo/orbit/releases/download/expo-orbit-v2.0.2/expo-orbit-2.0.2-1.x86_64.rpm"
        }
      }
    },
    {
      "version": "2.0.1",
      "pub_date": "2024-12-03",
      "release_notes": "<h3 id=\"-new-features\">🎉 New features</h3>\n      <ul>\n        <li>Allow users to manually launch updates in Expo Go. (<a href=\"https://github.com/expo/orbit/pull/226\">#226</a> by <a href=\"https://github.com/gabrieldonadel\">@gabrieldonadel</a>)</li>\n        <li>[Linux] Add support for auto updates. (<a href=\"https://github.com/expo/orbit/pull/229\">#229</a> by <a href=\"https://github.com/gabrieldonadel\">@gabrieldonadel</a>)</li>\n      </ul>\n      <h3 id=\"-bug-fixes\">🐛 Bug fixes</h3>\n      <ul>\n        <li>[macOS] Fix <code>new NativeEventEmitter() requires a non-null argument</code> error when clicking &quot;See all&quot;. (<a href=\"https://github.com/expo/orbit/pull/225\">#225</a> by <a href=\"https://github.com/gabrieldonadel\">@gabrieldonadel</a>)</li>\n        <li>[Linux] Add maintainer field to deb packages. (<a href=\"https://github.com/expo/orbit/pull/227\">#227</a> by <a href=\"https://github.com/gabrieldonadel\">@gabrieldonadel</a>)</li>\n      </ul>",
      "builds": {
        "win32-x64": {
          "url": "https://github.com/expo/orbit/releases/download/expo-orbit-v2.0.1/Expo.Orbit-2.0.1-x64.Setup.exe"
        },
        "linux-deb-x64": {
          "url": "https://github.com/expo/orbit/releases/download/expo-orbit-v2.0.1/expo-orbit_2.0.1_amd64.deb"
        },
        "linux-rpm-x64": {
          "url": "https://github.com/expo/orbit/releases/download/expo-orbit-v2.0.1/expo-orbit-2.0.1-1.x86_64.rpm"
        }
      }
    }
  ]
}
