{
  "fill" : {
    "linear-gradient" : [
      "gray:0.12685,1.00000",
      "display-p3:0.60000,0.60000,0.60000,1.00000"
    ]
  },
  "groups" : [
    {
      "blur-material" : null,
      "layers" : [
        {
          "glass" : false,
          "hidden" : false,
          "image-name" : "orbit 2.png",
          "name" : "orbit 2",
          "position" : {
            "scale" : 0.82,
            "translation-in-points" : [
              14,
              0
            ]
          }
        }
      ],
      "lighting" : "individual",
      "shadow" : {
        "kind" : "neutral",
        "opacity" : 0.5
      },
      "specular" : true,
      "translucency" : {
        "enabled" : true,
        "value" : 0.5
      }
    }
  ],
  "supported-platforms" : {
    "circles" : [
      "watchOS"
    ],
    "squares" : "shared"
  }
}