{
  "possibleTypes": {
    "AccountUsageMetadata": [
      "AccountUsageEASBuildMetadata"
    ],
    "ActivityTimelineProjectActivity": [
      "Build",
      "Submission",
      "Update",
      "WorkerDeployment",
      "WorkflowRun"
    ],
    "Actor": [
      "Robot",
      "SSOUser",
      "User"
    ],
    "BuildOrBuildJob": [
      "Build"
    ],
    "FcmSnippet": [
      "FcmSnippetLegacy",
      "FcmSnippetV1"
    ],
    "NotificationMetadata": [
      "BuildLimitThresholdExceededMetadata",
      "BuildPlanCreditThresholdExceededMetadata",
      "TestNotificationMetadata"
    ],
    "PlanEnablement": [
      "Concurrencies",
      "EASTotalPlanEnablement"
    ],
    "Project": [
      "App",
      "Snack"
    ],
    "UserActor": [
      "SSOUser",
      "User"
    ]
  }
}